Sample_ID,True_Age,Pred_Age_Raw,Pred_Age_Calib
200928190033_R01C01,49.0,49.845768,45.77198
200928190033_R02C01,21.0,25.267672,21.066242
200928190033_R03C01,44.0,51.879116,47.81589
200928190033_R04C01,51.0,56.834076,52.79658
200928190033_R05C01,52.0,49.86231,45.78861
200928190033_R06C01,24.0,32.26223,28.097126
200928190033_R07C01,49.0,49.7889,45.714817
200928190033_R08C01,53.0,51.159874,47.09291
200928190096_R02C01,51.0,54.40638,50.356277
200928190096_R03C01,42.0,46.48222,42.390965
200928190096_R04C01,48.0,48.80692,44.727737
200928190096_R05C01,53.0,50.826023,46.757328
200928190096_R06C01,44.0,42.313084,38.200176
200928190096_R07C01,47.0,54.506634,50.457054
200928190096_R08C01,23.0,37.21549,33.076107
200928190114_R02C01,29.0,31.137335,26.966389
200928190114_R03C01,51.0,53.195614,49.139225
200928190114_R04C01,59.0,63.117676,59.112816
200928190114_R05C01,50.0,52.478935,48.418823
200928190114_R06C01,53.0,55.571438,51.527386
200928190114_R08C01,51.0,53.917034,49.86439
200930750006_R01C01,54.0,56.196274,52.155468
200930750006_R02C01,56.0,60.9421,56.92594
200930750006_R03C01,49.0,58.69311,54.66527
200930750006_R04C01,55.0,59.1068,55.08111
200930750006_R05C01,61.0,66.30742,62.319126
200930750006_R06C01,48.0,55.198063,51.152073
200930750006_R07C01,49.0,54.355732,50.305367
200930750006_R08C01,56.0,58.14709,54.116417
200932680003_R01C01,49.0,49.86701,45.79333
200932680003_R03C01,35.0,41.364117,37.24628
200932680003_R04C01,49.0,45.871773,41.777348
200932680003_R05C01,69.0,65.6531,61.661404
200932680003_R06C01,39.0,43.893642,39.788944
200932680003_R07C01,50.0,52.164314,48.10257
200932680003_R08C01,48.0,46.92931,42.840378
200932680006_R02C01,47.0,48.628956,44.54885
200932680006_R03C01,54.0,57.672146,53.639004
200932680006_R04C01,44.0,51.395046,47.329308
200932680006_R05C01,32.0,38.0818,33.94692
200932680006_R06C01,50.0,55.35109,51.305893
200932680006_R07C01,53.0,55.268326,51.222702
200932680006_R08C01,63.0,70.33144,66.36405
200932680028_R01C01,25.0,27.681643,23.49275
200932680028_R02C01,59.0,66.771576,62.785694
200932680028_R03C01,43.0,46.791813,42.702168
200932680028_R04C01,21.0,27.474245,23.284275
200932680028_R05C01,45.0,39.65557,35.528862
200932680028_R06C01,19.0,23.8897,19.681114
200932680028_R07C01,47.0,49.51531,45.439804
200932680028_R08C01,46.0,52.290913,48.229824
200932680030_R01C01,44.0,49.48485,45.40919
200932680030_R02C01,22.0,31.154184,26.983326
200932680030_R04C01,43.0,53.21052,49.15421
200932680030_R05C01,54.0,61.861027,57.84964
200932680030_R06C01,56.0,60.26766,56.247997
200932680030_R07C01,47.0,54.819157,50.7712
200932680030_R08C01,38.0,43.698856,39.593147
200932680031_R01C01,46.0,50.84492,46.776325
200932680031_R02C01,60.0,58.873623,54.84672
200932680031_R03C01,57.0,61.820763,57.809166
200932680031_R04C01,56.0,57.989895,53.958405
200932680031_R05C01,51.0,47.886776,43.802814
200932680031_R06C01,52.0,54.906902,50.8594
200932680031_R07C01,56.0,57.985054,53.953537
200932680031_R08C01,41.0,43.166523,39.05805
200932680036_R01C01,42.0,39.57521,35.448086
200932680036_R02C01,59.0,63.118008,59.113148
200932680036_R03C01,38.0,46.96403,42.87528
200932680036_R04C01,51.0,49.527966,45.45253
200932680036_R05C01,56.0,61.95137,57.940453
200932680036_R06C01,21.0,26.65732,22.463108
200932680036_R07C01,60.0,60.355553,56.336346
200932680036_R08C01,39.0,53.738766,49.685196
200932680037_R01C01,30.0,35.02241,30.871643
200932680037_R02C01,47.0,53.59538,49.541065
200932680037_R03C01,42.0,42.940327,38.830677
200932680037_R04C01,48.0,52.68441,48.625366
200932680037_R05C01,57.0,54.672005,50.623283
200932680037_R06C01,46.0,51.89999,47.836872
200932680037_R07C01,62.0,61.93009,57.919064
200932680037_R08C01,51.0,46.83646,42.747044
200932680053_R01C01,44.0,51.166214,47.099285
200932680053_R02C01,52.0,55.25735,51.21167
200932680053_R03C01,46.0,47.709766,43.624886
200932680053_R04C01,58.0,62.35124,58.342396
200932680053_R05C01,48.0,52.695484,48.636497
200932680053_R06C01,51.0,55.625984,51.58222
200932680053_R07C01,50.0,55.253468,51.207764
200932680053_R08C01,76.0,68.98147,65.007065
200934330012_R01C01,59.0,64.15128,60.15179
200934330012_R02C01,30.0,40.488026,36.365643
200934330012_R03C01,47.0,50.542923,46.472755
200934330012_R04C01,52.0,55.283318,51.23777
200934330012_R05C01,32.0,40.566887,36.444912
200934330012_R06C01,52.0,57.135674,53.099747
200934330012_R07C01,45.0,49.827217,45.753334
200934330012_R08C01,42.0,46.969913,42.88119
200934330030_R01C01,43.0,46.7525,42.662647
200934330030_R02C01,34.0,40.914474,36.794304
200934330030_R03C01,59.0,51.38764,47.32186
200934330030_R04C01,66.0,61.610794,57.598106
200934330030_R05C01,51.0,56.510605,52.47143
200934330030_R06C01,26.0,34.941273,30.790081
200934330030_R07C01,53.0,67.1312,63.147182
200934330030_R08C01,47.0,52.924927,48.86713
200934330051_R01C01,54.0,51.987476,47.924812
200934330051_R02C01,59.0,62.663822,58.656605
200934330051_R03C01,24.0,26.738983,22.545195
200934330051_R04C01,46.0,49.675568,45.6009
200934330051_R05C01,41.0,45.350933,41.253803
200934330051_R06C01,48.0,54.943447,50.896133
200934330051_R07C01,38.0,49.193073,45.1159
200934330051_R08C01,59.0,58.83819,54.811104
200934330052_R01C01,44.0,53.118458,49.06167
200934330052_R02C01,43.0,46.68703,42.59684
200934330052_R03C01,59.0,62.82226,58.81587
200934330052_R04C01,60.0,63.512146,59.509335
200934330052_R05C01,47.0,52.947987,48.890312
200934330052_R06C01,32.0,37.58279,33.445316
200934330052_R07C01,30.0,34.20918,30.054188
200934330052_R08C01,47.0,49.96881,45.895664
201004820114_R01C01,53.0,56.00512,51.96332
201004820114_R02C01,48.0,55.72091,51.677635
201004820114_R03C01,54.0,49.790745,45.71667
201004820114_R04C01,50.0,51.97492,47.91219
201004820114_R05C01,47.0,53.53006,49.475407
201004820114_R06C01,25.0,30.998064,26.826395
201004820114_R07C01,40.0,54.84689,50.799076
201004820114_R08C01,43.0,54.56338,50.514095
201004820117_R01C01,47.0,50.475582,46.405067
201004820117_R02C01,52.0,53.398903,49.34357
201004820117_R03C01,47.0,54.5738,50.524567
201004820117_R04C01,34.0,36.654514,32.512222
201004820117_R05C01,37.0,43.020298,38.911064
201004820117_R06C01,45.0,49.020687,44.942616
201004820117_R07C01,47.0,51.34743,47.281445
201004820117_R08C01,24.0,25.558208,21.358288
201113990015_R01C01,48.0,54.761444,50.71319
201113990015_R03C01,48.0,57.45769,53.423435
201113990015_R04C01,47.0,49.90881,45.83535
201113990015_R05C01,50.0,54.783035,50.73489
201113990015_R06C01,37.0,43.85022,39.745296
201113990015_R07C01,51.0,57.796062,53.763565
201113990015_R08C01,67.0,64.16342,60.16399
201113990022_R01C01,52.0,54.57791,50.5287
201113990022_R02C01,54.0,55.702953,51.659584
201113990022_R03C01,54.0,61.073994,57.05852
201113990022_R04C01,48.0,51.802464,47.73884
201113990022_R05C01,28.0,33.009407,28.848183
201113990022_R06C01,49.0,53.96594,49.91355
201113990022_R07C01,36.0,35.99109,31.845348
201113990022_R08C01,44.0,47.46223,43.376064
201113990023_R01C01,59.0,61.195457,57.180614
201113990023_R02C01,50.0,55.934628,51.892464
201113990023_R03C01,58.0,68.65676,64.68067
201113990023_R04C01,50.0,55.928146,51.88595
201113990023_R05C01,50.0,51.182487,47.115643
201113990023_R06C01,49.0,51.30819,47.241997
201113990023_R07C01,46.0,55.140182,51.09389
201113990023_R08C01,47.0,44.194828,40.091694
201113990024_R01C01,49.0,58.85171,54.824696
201113990024_R02C01,33.0,39.921116,35.795788
201113990024_R03C01,59.0,56.36877,52.32886
201113990024_R04C01,55.0,59.145813,55.120323
201113990024_R05C01,30.0,36.935238,32.794403
201113990024_R06C01,59.0,58.28569,54.255737
201113990024_R07C01,57.0,55.518818,51.474495
201113990024_R08C01,32.0,36.546936,32.404083
201114400009_R01C01,38.0,41.46213,37.344807
201114400009_R03C01,22.0,26.636003,22.44168
201114400009_R04C01,48.0,49.204113,45.126995
201114400009_R05C01,65.0,68.6886,64.71268
201114400009_R06C01,41.0,46.692356,42.602192
201114400009_R07C01,43.0,62.68566,58.67856
201114400009_R08C01,43.0,37.72919,33.59248
201114400011_R01C01,40.0,53.940884,49.888363
201114400011_R02C01,48.0,51.06743,46.99999
201114400011_R03C01,49.0,47.387768,43.301216
201114400011_R04C01,53.0,37.04606,32.9058
201114400011_R05C01,46.0,49.383118,45.306927
201114400011_R06C01,47.0,56.279606,52.23923
201114400011_R07C01,51.0,59.833557,55.81164
201114400014_R01C01,50.0,56.40836,52.368656
201114400014_R02C01,23.0,26.638218,22.443907
201114400014_R03C01,56.0,59.003704,54.977478
201114400014_R04C01,72.0,72.128746,68.170685
201114400014_R05C01,48.0,51.11353,47.046326
201114400014_R06C01,30.0,41.611828,37.49528
201114400014_R07C01,50.0,49.68946,45.614864
201114400014_R08C01,50.0,52.768448,48.70984
201114400015_R01C01,50.0,58.974277,54.9479
201114400015_R02C01,56.0,65.37072,61.37756
201114400015_R03C01,55.0,60.87564,56.859135
201114400015_R04C01,70.0,64.879555,60.883846
201114400015_R06C01,21.0,29.052794,24.871021
201114400015_R07C01,45.0,47.899868,43.815975
201114400018_R01C01,36.0,45.459984,41.363422
201114400018_R03C01,61.0,62.633915,58.62654
201114400018_R04C01,46.0,50.426594,46.355824
201114400018_R06C01,34.0,42.408108,38.295696
201114400018_R07C01,49.0,56.43611,52.39655
201114400018_R08C01,47.0,48.994835,44.91663
201114400024_R01C01,48.0,49.86941,45.79575
201114400024_R02C01,61.0,57.842697,53.81044
201114400024_R03C01,20.0,29.887632,25.710196
201114400024_R04C01,46.0,52.30684,48.245834
201114400024_R05C01,26.0,29.812849,25.635025
201114400024_R06C01,24.0,26.40972,22.214222
201114400024_R07C01,18.0,21.310278,17.088297
201114400024_R08C01,43.0,49.081776,45.00402
201114400025_R01C01,35.0,43.160995,39.052494
201114400025_R02C01,50.0,54.879063,50.831417
201114400025_R03C01,51.0,51.920788,47.857777
201114400025_R04C01,52.0,56.808605,52.77098
201114400025_R05C01,47.0,51.345226,47.27923
201114400025_R06C01,33.0,37.579235,33.441746
201114400025_R08C01,52.0,52.092926,48.03081
201114400026_R01C01,29.0,28.760576,24.577288
201114400026_R02C01,48.0,44.464546,40.362812
201114400026_R03C01,50.0,50.65376,46.584167
201114400026_R04C01,43.0,48.187176,44.104774
201114400026_R05C01,42.0,43.14455,39.03596
201114400026_R06C01,22.0,29.265892,25.085228
201114400026_R07C01,48.0,46.89185,42.802723
201114400026_R08C01,54.0,63.355633,59.35201
201114410002_R01C01,31.0,37.27034,33.131245
201114410002_R02C01,30.0,35.45328,31.304749
201114410002_R03C01,36.0,45.02907,40.93027
201114410002_R04C01,57.0,59.140614,55.115097
201114410002_R05C01,31.0,37.276535,33.137474
201114410002_R06C01,63.0,60.795517,56.778595
201114410002_R07C01,40.0,43.974796,39.87052
201114410002_R08C01,42.0,45.385525,41.288574
201114410003_R01C01,62.0,69.628716,65.65767
201114410003_R02C01,45.0,45.661587,41.56607
201114410003_R03C01,53.0,57.3559,53.321117
201114410003_R04C01,40.0,43.487995,39.38119
201114410003_R05C01,64.0,61.76363,57.751736
201114410003_R06C01,26.0,23.98241,19.774307
201114410003_R07C01,33.0,46.51598,42.4249
201114410003_R08C01,45.0,48.185276,44.102867
201114410004_R01C01,53.0,59.91097,55.889454
201114410004_R02C01,29.0,28.444231,24.259298
201114410004_R03C01,55.0,59.614704,55.591652
201114410004_R04C01,33.0,34.659546,30.506893
201114410004_R05C01,51.0,54.36438,50.31406
201114410004_R06C01,56.0,57.827847,53.795513
201114410004_R07C01,45.0,53.354454,49.29889
201114410009_R01C01,19.0,21.671675,17.45157
201114410009_R02C01,51.0,51.843132,47.77972
201114410009_R03C01,36.0,41.124874,37.0058
201114410009_R04C01,21.0,22.665192,18.450247
201114410009_R05C01,34.0,37.199116,33.05965
201114410009_R06C01,32.0,38.007175,33.871906
201114410009_R07C01,20.0,23.965921,19.757732
201114410009_R08C01,23.0,27.767347,23.5789
201114410013_R01C01,37.0,38.859097,34.728252
201114410013_R02C01,30.0,30.944016,26.772066
201114410013_R03C01,25.0,31.883718,27.716648
201114410013_R04C01,49.0,49.476543,45.40084
201114410013_R05C01,28.0,33.938213,29.781815
201114410013_R06C01,24.0,28.829689,24.646759
201114410013_R07C01,52.0,49.67451,45.599834
201114410013_R08C01,51.0,50.534622,46.464413
201114410014_R01C01,65.0,63.059242,59.054077
201114410014_R02C01,21.0,28.223171,24.03709
201114410014_R03C01,34.0,38.337524,34.20397
201114410014_R04C01,41.0,43.301422,39.19365
201114410014_R05C01,56.0,58.05889,54.02776
201114410014_R06C01,51.0,53.719654,49.665985
201114410014_R07C01,34.0,37.507885,33.37002
201114410014_R08C01,58.0,64.571945,60.574635
201114410019_R01C01,42.0,43.410496,39.303288
201114410019_R02C01,32.0,35.20592,31.056107
201114410019_R03C01,36.0,38.72662,34.59509
201114410019_R04C01,53.0,57.59012,53.556553
201114410019_R06C01,58.0,63.370186,59.36664
201114410019_R07C01,55.0,53.41849,49.36326
201114410019_R08C01,20.0,25.711742,21.512619
201114410022_R01C01,38.0,47.127285,43.03938
201114410022_R02C01,18.0,22.186811,17.969383
201114410022_R03C01,39.0,47.43668,43.350384
201114410022_R08C01,34.0,43.283684,39.17582
201114410023_R01C01,48.0,52.83366,48.77539
201114410023_R02C01,20.0,24.984114,20.781212
201114410023_R03C01,35.0,36.550472,32.40764
201114410023_R04C01,19.0,24.290693,20.08419
201114410023_R05C01,24.0,33.66582,29.508007
201114410023_R07C01,62.0,62.99078,58.98526
201114410023_R08C01,48.0,55.964813,51.922806
201114410027_R01C01,23.0,29.416,25.236115
201114410027_R02C01,40.0,42.37804,38.265472
201114410027_R03C01,33.0,39.274075,35.145386
201114410027_R04C01,50.0,52.052155,47.989826
201114410027_R05C01,47.0,48.480686,44.39981
201114410027_R06C01,19.0,24.541512,20.336311
201114410027_R07C01,54.0,52.494026,48.433994
201114410027_R08C01,40.0,41.85174,37.73644
201114410028_R01C01,32.0,32.80188,28.63958
201114410028_R02C01,45.0,46.25995,42.16754
201114410028_R03C01,26.0,30.152842,25.976784
201114410028_R04C01,56.0,58.870377,54.843456
201114410028_R05C01,47.0,53.67827,49.624386
201114410028_R06C01,29.0,34.530853,30.377533
201114410028_R07C01,46.0,48.589916,44.50961
201114410028_R08C01,61.0,63.50607,59.503227
201114410031_R01C01,26.0,30.858873,26.686481
201114410031_R02C01,27.0,36.24598,32.101566
201114410031_R03C01,34.0,38.536045,34.403522
201114410031_R04C01,48.0,52.80299,48.74456
201114410031_R05C01,51.0,53.694626,49.640827
201114410031_R06C01,21.0,26.046778,21.849394
201114410031_R07C01,22.0,30.610544,26.436863
201114410031_R08C01,25.0,33.01445,28.853252
201114410034_R01C01,49.0,45.139065,41.040836
201114410034_R02C01,56.0,56.38673,52.346912
201114410041_R01C01,22.0,28.659695,24.475882
201114410041_R02C01,44.0,43.836246,39.73125
201114410041_R03C01,51.0,60.111927,56.091457
201114410041_R04C01,44.0,52.454506,48.394268
201114410041_R06C01,42.0,49.15141,45.074017
201114410041_R07C01,60.0,57.971188,53.939598
201114410041_R08C01,26.0,32.310802,28.14595
201114410042_R01C01,20.0,27.268753,23.077717
201114410042_R02C01,47.0,52.375996,48.31535
201114410042_R03C01,40.0,41.52171,37.404694
201114410042_R04C01,42.0,45.981945,41.888092
201114410042_R06C01,43.0,52.271328,48.21014
201114410042_R07C01,37.0,35.0843,30.933853
201114410042_R08C01,39.0,35.61951,31.471844
201114410047_R01C01,27.0,30.631939,26.458368
201114410047_R02C01,44.0,48.538143,44.457565
201114410047_R03C01,31.0,33.075592,28.914711
201114410047_R04C01,48.0,49.923466,45.850082
201114410047_R05C01,30.0,35.09529,30.9449
201114410047_R06C01,27.0,31.01781,26.846245
201114410047_R07C01,45.0,49.283665,45.20696
201114410047_R08C01,40.0,42.578663,38.467136
201114410048_R02C01,54.0,55.449413,51.404728
201114410048_R08C01,49.0,54.210217,50.159096
201114410052_R01C01,49.0,55.368515,51.32341
201114410052_R02C01,48.0,51.18771,47.12089
201114410052_R03C01,29.0,31.331627,27.16169
201114410059_R01C01,54.0,52.00694,47.944378
201114410059_R02C01,36.0,43.543232,39.436714
201114410059_R03C01,29.0,37.750893,33.614292
201114410059_R04C01,23.0,32.221436,28.056118
201114410059_R05C01,40.0,41.527252,37.410263
201114410059_R06C01,50.0,55.985638,51.943737
201114410059_R07C01,37.0,38.89018,34.759495
201114410059_R08C01,45.0,45.42841,41.331684
201114410060_R01C01,25.0,28.5961,24.411957
201114410060_R02C01,59.0,58.248516,54.21837
201114410060_R03C01,54.0,61.084053,57.06863
201114410060_R04C01,43.0,47.135456,43.047596
201114410060_R05C01,25.0,31.68871,27.520626
201114410060_R06C01,27.0,37.138493,32.998714
201114410060_R07C01,28.0,29.84278,25.66511
201114410060_R08C01,21.0,42.027416,37.913025
201114420001_R01C01,29.0,37.3196,33.18076
201114420001_R02C01,37.0,35.92941,31.783352
201114420001_R03C01,56.0,61.276768,57.26235
201114420001_R04C01,49.0,50.77373,46.704765
201114420001_R05C01,22.0,25.712885,21.513767
201114420001_R06C01,45.0,48.356586,44.275066
201114420001_R07C01,28.0,35.50422,31.355953
201114420001_R08C01,25.0,31.871359,27.704224
201114420002_R01C01,18.0,21.021696,16.798216
201114420002_R02C01,47.0,50.683483,46.614048
201114420002_R03C01,30.0,31.851469,27.68423
201114420002_R04C01,44.0,46.78363,42.693943
201114420002_R05C01,60.0,59.048275,55.02228
201114420002_R06C01,36.0,39.28901,35.160397
201114420002_R07C01,32.0,35.581646,31.43378
201114420002_R08C01,44.0,52.099957,48.037876
201114420003_R01C01,31.0,38.699936,34.568264
201114420003_R02C01,57.0,55.540398,51.496185
201114420003_R03C01,44.0,43.419506,39.312347
201114420003_R04C01,48.0,47.504208,43.418262
201114420003_R06C01,32.0,38.763744,34.632404
201114420003_R07C01,33.0,39.26954,35.140827
201114420003_R08C01,53.0,57.360313,53.325554
201114420004_R01C01,61.0,56.1139,52.072666
201114420004_R02C01,56.0,50.128986,46.05667
201114420004_R03C01,40.0,49.685783,45.611168
201114420004_R04C01,54.0,57.040585,53.00416
201114420004_R05C01,50.0,58.410183,54.380875
201114420004_R06C01,55.0,56.61174,52.573093
201114420004_R07C01,50.0,57.576878,53.543243
201114420004_R08C01,29.0,40.164883,36.04082
201114420005_R01C01,20.0,23.556793,19.34648
201114420005_R02C01,39.0,46.31135,42.21921
201114420005_R03C01,43.0,50.599483,46.52961
201114420005_R04C01,38.0,43.3674,39.25997
201114420005_R05C01,33.0,39.49522,35.36768
201114420005_R06C01,34.0,39.419094,35.291157
201114420005_R07C01,23.0,28.350552,24.165133
201114420005_R08C01,27.0,38.038845,33.90374
201114420006_R02C01,61.0,53.24696,49.190838
201114420006_R03C01,53.0,53.250523,49.19442
201114420006_R04C01,57.0,57.287415,53.252274
201114420006_R05C01,45.0,46.91144,42.82242
201114420006_R06C01,56.0,55.907402,51.865097
201114420006_R07C01,19.0,25.855919,21.657545
201114420006_R08C01,36.0,40.069405,35.944847
201114420024_R01C01,22.0,25.468252,21.267864
201114420024_R02C01,21.0,22.36448,18.147972
201114420024_R03C01,54.0,53.63593,49.581825
201114420024_R04C01,27.0,36.080944,31.935673
201114420024_R05C01,62.0,59.981377,55.960228
201114420024_R06C01,32.0,41.882915,37.767776
201114420024_R07C01,28.0,37.63415,33.496944
201114420024_R08C01,46.0,46.078693,41.985344
201114420029_R01C01,44.0,54.16551,50.114155
201114420029_R02C01,47.0,50.288933,46.21745
201114420029_R03C01,50.0,50.091434,46.018925
201114420029_R04C01,21.0,22.467505,18.251534
201114420029_R05C01,25.0,36.23753,32.09307
201114420029_R06C01,27.0,37.010193,32.869747
201114420029_R07C01,26.0,30.752424,26.57948
201114420029_R08C01,32.0,39.787533,35.66151
201114420030_R01C01,46.0,47.43205,43.345726
201114420030_R02C01,23.0,22.28472,18.067799
201114420030_R03C01,33.0,41.128685,37.00963
201114420030_R04C01,40.0,39.20786,35.078827
201114420030_R05C01,45.0,49.8843,45.810715
201114420030_R06C01,58.0,47.22575,43.138355
201114420030_R07C01,31.0,34.66095,30.508305
201114420030_R08C01,43.0,47.05498,42.9667
201114420031_R01C01,53.0,60.99808,56.982212
201114420031_R02C01,59.0,59.87395,55.852245
201114420031_R03C01,52.0,62.639977,58.632633
201114420031_R04C01,43.0,50.552086,46.481968
201114420031_R05C01,53.0,57.073856,53.03761
201114420031_R06C01,27.0,32.650227,28.487137
201114420031_R07C01,29.0,32.501297,28.337433
201114420031_R08C01,51.0,48.515198,44.4345
201114420049_R01C01,29.0,29.718447,25.540133
201114420050_R02C01,43.0,52.697598,48.638622
201118840116_R02C01,49.0,42.358395,38.245724
201118840156_R01C01,62.0,52.34599,48.285187
201118840156_R02C01,29.0,31.492554,27.323452
201118840156_R03C01,61.0,54.295647,50.24497
201118840156_R04C01,52.0,47.61482,43.529446
201118840156_R05C01,54.0,56.768154,52.73032
201118840156_R06C01,51.0,55.30593,51.2605
201118840156_R07C01,62.0,59.5389,55.515453
201118840156_R08C01,22.0,24.942642,20.739525
201125090032_R01C01,28.0,33.35386,29.194424
201125090032_R02C01,44.0,48.008385,43.925056
201125090032_R03C01,34.0,40.323803,36.200565
201125090032_R04C01,49.0,46.48409,42.392845
201125090032_R05C01,30.0,37.8645,33.72849
201125090032_R06C01,54.0,49.9609,45.88771
201125090032_R07C01,59.0,66.485344,62.497974
201125090032_R08C01,40.0,43.649662,39.543697
201125090033_R01C01,25.0,30.955912,26.784023
201125090033_R02C01,34.0,44.508842,40.40734
201125090033_R06C01,46.0,52.124866,48.062916
201125090033_R08C01,33.0,41.22697,37.108425
201125090035_R02C01,27.0,28.579407,24.395176
201125090035_R08C01,57.0,57.92309,53.891254
201125090038_R01C01,22.0,26.718966,22.525074
201125090038_R02C01,34.0,38.024525,33.889347
201125090038_R03C01,35.0,41.237923,37.119434
201125090038_R04C01,52.0,53.058426,49.001324
201125090038_R05C01,47.0,47.77413,43.689587
201125090038_R06C01,52.0,52.387234,48.326645
201125090038_R07C01,47.0,60.3589,56.33971
201125090038_R08C01,29.0,30.842695,26.67022
201125090041_R01C01,31.0,41.00336,36.88365
201125090041_R02C01,53.0,52.9592,48.901585
201125090041_R06C01,27.0,31.81851,27.651102
201125090041_R07C01,47.0,46.424095,42.33254
201125090041_R08C01,57.0,58.803936,54.776672
201125090082_R08C01,53.0,57.57279,53.53913
201125090085_R01C01,48.0,54.50064,50.45103
201125090085_R02C01,23.0,27.325026,23.134281
201125090085_R03C01,50.0,54.13834,50.086845
201125090085_R04C01,54.0,54.792133,50.744034
201125090085_R05C01,46.0,55.119843,51.073444
201125090085_R06C01,35.0,31.390377,27.220745
201125090085_R07C01,19.0,21.0714,16.848177
201125090085_R08C01,28.0,36.765545,32.62383
201125090112_R01C01,33.0,38.363598,34.23018
201125090112_R02C01,29.0,40.425106,36.302395
201125090112_R03C01,41.0,47.551487,43.465786
201125090112_R05C01,20.0,28.192894,24.006657
201125090112_R06C01,49.0,46.66871,42.578423
201125090112_R07C01,44.0,47.80881,43.724445
201125090112_R08C01,25.0,25.80371,21.605066
201125090142_R01C01,38.0,40.44338,36.320763
201125090142_R02C01,41.0,45.5973,41.50145
201125090142_R03C01,62.0,57.88352,53.851475
201125090142_R04C01,32.0,39.582375,35.455288
201125090142_R05C01,38.0,44.683758,40.583164
201125090142_R06C01,45.0,47.248287,43.16101
201125090142_R07C01,25.0,27.75305,23.564528
201125090142_R08C01,25.0,27.947405,23.759893
201125090146_R06C01,35.0,40.3608,36.237755
201125090146_R07C01,33.0,34.850185,30.69852
201125090146_R08C01,25.0,30.33729,26.16219
201125090184_R01C01,35.0,34.647137,30.49442
201125090184_R02C01,47.0,51.713844,47.64976
201125090184_R03C01,38.0,48.99715,44.918957
201125090184_R04C01,42.0,47.102047,43.01401
201125090184_R05C01,40.0,51.60692,47.54228
201125090184_R06C01,31.0,36.84891,32.707626
201125090184_R07C01,53.0,57.53909,53.505257
201125090184_R08C01,51.0,52.53031,48.470467
201125090185_R07C01,40.0,41.776196,37.6605
201125090185_R08C01,45.0,51.76796,47.704155
201125090186_R06C01,47.0,46.260197,42.16779
201125090186_R07C01,48.0,58.413647,54.384357
201125090186_R08C01,52.0,56.45825,52.418804
201126200038_R01C01,25.0,31.402578,27.23301
201126200038_R02C01,31.0,44.060307,39.956474
201126200038_R03C01,34.0,43.27447,39.166557
201126200052_R08C01,27.0,31.887094,27.720043
201126200054_R01C01,32.0,48.986614,44.908367
201126200054_R02C01,50.0,52.043087,47.980713
201126200054_R03C01,20.0,22.288225,18.071323
201126200054_R04C01,30.0,39.92965,35.804363
201126200054_R05C01,48.0,55.402905,51.35798
201126200054_R06C01,44.0,50.71992,46.650673
201126200054_R07C01,48.0,52.25528,48.194008
201126200054_R08C01,32.0,34.475452,30.321842
201194000178_R03C01,25.0,30.12002,25.94379
201194000178_R04C01,30.0,30.591898,26.41812
201194000178_R05C01,53.0,56.70276,52.66458
201194000178_R06C01,62.0,58.77839,54.75099
201194000178_R07C01,39.0,49.600018,45.524956
201194000178_R08C01,28.0,30.191193,26.015333
201194010116_R07C01,32.0,41.706722,37.590668
201194010116_R08C01,44.0,50.001183,45.928204
201194010117_R01C01,30.0,49.786743,45.71265
201194010117_R02C01,45.0,48.512962,44.432255
201194010117_R05C01,57.0,57.01822,52.98168
201194010117_R07C01,37.0,40.685547,36.56419
201194010192_R02C01,47.0,50.36088,46.289772
201194010200_R01C01,36.0,43.191,39.082653
201194010200_R02C01,22.0,26.159723,21.962927
201194010200_R03C01,64.0,61.687435,57.675148
201194010200_R05C01,56.0,56.97946,52.942722
201194010200_R06C01,58.0,55.44708,51.40238
201194010200_R07C01,42.0,43.82166,39.716587
201194010200_R08C01,33.0,35.96501,31.819138
201194010201_R02C01,48.0,49.566616,45.49138
201194010201_R08C01,55.0,57.5148,53.480843
201220980004_R02C01,51.0,55.23663,51.190838
201220980004_R03C01,50.0,62.894375,58.888355
201220980004_R08C01,41.0,61.01228,56.996483
201220980010_R01C01,38.0,42.14958,38.035824
201220980010_R02C01,53.0,49.38806,45.311897
201220980010_R03C01,22.0,24.592678,20.387743
201220980010_R04C01,52.0,57.572308,53.538647
201220980010_R05C01,55.0,60.312115,56.292683
201220980011_R01C01,50.0,49.77785,45.703712
201220980011_R02C01,53.0,54.165455,50.1141
201220980011_R03C01,57.0,62.22829,58.21881
201220980011_R04C01,18.0,25.761497,21.562634
201220980011_R05C01,57.0,72.291466,68.33425
201220980011_R06C01,44.0,61.37253,57.35861
201220980011_R07C01,45.0,47.981678,43.898212
201220980011_R08C01,48.0,47.221313,43.133896
201220980016_R07C01,53.0,57.21542,53.179905
201220980016_R08C01,54.0,60.044224,56.023403
201220980026_R03C01,43.0,38.186073,34.051735
201220980026_R04C01,19.0,23.10893,18.89629
201220980026_R05C01,28.0,37.035465,32.89515
201220980026_R07C01,25.0,27.359522,23.168957
201220980026_R08C01,53.0,47.589535,43.504032
201220980028_R01C01,60.0,60.327587,56.308235
201220980028_R02C01,48.0,44.05655,39.952698
201220980028_R03C01,57.0,56.67915,52.64085
201220980028_R04C01,32.0,32.213127,28.047768
201220980028_R05C01,33.0,38.01814,33.882927
201220980028_R06C01,21.0,23.771154,19.561953
201220980028_R07C01,59.0,53.07858,49.021584
201220980028_R08C01,41.0,48.44683,44.36578
201220980030_R08C01,54.0,56.51536,52.47621
201220980034_R02C01,35.0,44.71993,40.619522
201220980034_R08C01,36.0,45.892895,41.79858
201220980035_R01C01,50.0,61.799778,57.788074
201220980035_R02C01,30.0,32.952847,28.791328
201220980035_R08C01,60.0,61.060467,57.04492
201220980036_R01C01,18.0,64.99871,61.00362
201220980039_R02C01,47.0,56.105972,52.064697
201220980039_R03C01,44.0,53.329563,49.27387
201220980039_R07C01,51.0,60.041805,56.02097
201220980039_R08C01,50.0,51.601234,47.536564
201220980042_R05C01,32.0,36.148468,32.003548
201220980042_R06C01,29.0,35.988506,31.842754
201220980042_R07C01,46.0,59.551914,55.528534
201220980045_R01C01,58.0,54.685375,50.636723
201220980045_R02C01,47.0,52.914764,48.856915
201220980045_R03C01,49.0,56.38764,52.347828
201220980045_R04C01,57.0,60.36717,56.348022
201220980045_R05C01,34.0,42.7721,38.661575
201220980045_R06C01,26.0,31.786818,27.619246
201220980045_R07C01,50.0,58.238327,54.208126
201220980045_R08C01,54.0,56.36026,52.320305
201220980048_R01C01,28.0,34.284798,30.1302
201220980048_R02C01,46.0,48.699345,44.619606
201220980048_R03C01,43.0,46.94237,42.853508
201220980048_R04C01,37.0,41.043365,36.923866
201220980048_R05C01,62.0,61.040127,57.024475
201220980048_R06C01,48.0,52.085552,48.0234
201220980048_R08C01,64.0,61.752003,57.74005
201220980049_R01C01,26.0,35.135845,30.985664
201220980049_R02C01,22.0,26.071135,21.873878
201220980049_R03C01,20.0,31.832506,27.66517
201220980049_R04C01,44.0,47.29453,43.207493
201220980049_R05C01,55.0,54.68991,50.64128
201220980049_R06C01,28.0,40.82363,36.70299
201220980049_R07C01,39.0,41.62895,37.51249
201220980049_R08C01,52.0,56.543335,52.50433
201220980052_R01C01,46.0,48.530888,44.45027
201220980052_R02C01,52.0,54.273045,50.22225
201220980052_R03C01,49.0,49.457645,45.381844
201220980052_R04C01,45.0,42.318245,38.205364
201220980052_R07C01,38.0,37.753246,33.61666
201220980052_R08C01,43.0,53.26917,49.21316
201220980056_R02C01,63.0,63.974598,59.974186
201220980060_R01C01,49.0,48.75578,44.67633
201220980060_R02C01,22.0,25.446417,21.245916
201220980060_R06C01,43.0,45.677746,41.582314
201220980060_R07C01,43.0,40.24441,36.12076
201228780013_R01C01,23.0,27.816635,23.628443
201228780013_R06C01,32.0,38.258663,34.124702
201228780018_R01C01,21.0,24.29788,20.091415
201228780018_R02C01,31.0,35.32849,31.17931
201228780018_R03C01,34.0,35.522503,31.374332
201228780018_R07C01,57.0,67.04447,63.06
201228780025_R01C01,27.0,32.457508,28.293419
201228780025_R02C01,22.0,30.218391,26.042673
201228780025_R03C01,54.0,51.764942,47.701122
201228780025_R04C01,54.0,56.04675,52.005165
201228780025_R05C01,37.0,39.613075,35.486145
201228780025_R06C01,35.0,38.30235,34.168613
201228780025_R07C01,32.0,39.828465,35.702656
201228780025_R08C01,53.0,51.875866,47.812622
201228780027_R08C01,61.0,56.72346,52.685394
201228780029_R07C01,46.0,56.386284,52.346466
201228780029_R08C01,57.0,64.02108,60.02091
201228780030_R01C01,30.0,35.87078,31.724419
201228780030_R02C01,49.0,51.275196,47.20883
201228780030_R03C01,47.0,52.650684,48.591465
201228780030_R04C01,18.0,22.135157,17.91746
201228780030_R05C01,52.0,54.17835,50.127064
201228780030_R06C01,35.0,35.558277,31.41029
201228780030_R07C01,33.0,35.91524,31.769108
201228780030_R08C01,21.0,27.355396,23.16481
201228780035_R01C01,55.0,51.293446,47.227177
201228780035_R02C01,59.0,62.66356,58.65634
201228780035_R03C01,58.0,64.54667,60.54923
201228780035_R04C01,34.0,38.695396,34.5637
201228780035_R05C01,42.0,55.165314,51.119152
201228780035_R06C01,61.0,58.85628,54.82929
201228780035_R07C01,24.0,24.978634,20.775703
201228780035_R08C01,28.0,34.247105,30.092308
201228780061_R02C01,46.0,48.326748,44.24507
201228780073_R01C01,26.0,28.97768,24.795519
201228780073_R02C01,19.0,26.306368,22.110332
201228780073_R04C01,52.0,58.961063,54.934616
201228780073_R08C01,48.0,50.43262,46.36188
201228780074_R01C01,43.0,41.830307,37.714893
201228780074_R02C01,21.0,24.950474,20.747396
201228780074_R03C01,51.0,63.345364,59.341686
201228780074_R04C01,55.0,63.60318,59.60084
201228780074_R08C01,25.0,37.803658,33.66733
201228780080_R06C01,59.0,68.3532,64.375534
201228780085_R02C01,20.0,26.584337,22.389746
201228780085_R03C01,24.0,30.111677,25.935404
201228780089_R01C01,56.0,63.56771,59.565186
201228780089_R02C01,27.0,29.84316,25.665493
201228780089_R07C01,22.0,31.95209,27.785374
201228780089_R08C01,30.0,38.195663,34.061375
201228780098_R01C01,34.0,39.22218,35.09322
201228780098_R02C01,55.0,56.673023,52.634693
201228780098_R04C01,58.0,58.00397,53.972553
201228780098_R05C01,52.0,55.059933,51.013226
201228780098_R06C01,58.0,58.203964,54.173584
201228780098_R07C01,36.0,41.277653,37.15937
201228780098_R08C01,25.0,33.215122,29.054966
201228780100_R01C01,20.0,27.50094,23.31111
201228780100_R02C01,52.0,53.219784,49.16352
201228780100_R03C01,52.0,54.68537,50.63672
201228780100_R04C01,37.0,43.441036,39.33399
201228780101_R01C01,53.0,49.42003,45.344032
201228780101_R05C01,35.0,49.806725,45.732735
201228780101_R06C01,55.0,56.33668,52.296604
201228780101_R07C01,57.0,63.660275,59.65823
201228780101_R08C01,54.0,54.151207,50.09978
201228780118_R01C01,58.0,53.619602,49.565414
201228780118_R02C01,68.0,64.5156,60.518
201228780118_R03C01,21.0,30.11489,25.938633
201228780118_R04C01,38.0,40.954636,36.834675
201228780118_R05C01,38.0,48.040318,43.957153
201228780118_R06C01,54.0,59.0223,54.99617
201228780118_R07C01,62.0,60.70598,56.68859
201228780118_R08C01,52.0,46.32364,42.23156
201228780122_R02C01,36.0,48.09511,44.012234
201228780122_R07C01,27.0,32.793346,28.631
201228780127_R02C01,43.0,49.877663,45.804043
201228780127_R03C01,40.0,42.340744,38.22798
201228780127_R04C01,39.0,46.157833,42.064896
201228780127_R05C01,63.0,67.387215,63.40453
201228780127_R06C01,27.0,28.936878,24.754505
201228780127_R07C01,52.0,53.3058,49.249985
201228780127_R08C01,50.0,55.56506,51.520977
201228780129_R01C01,46.0,50.291397,46.219925
201228780129_R02C01,31.0,37.32028,33.181442
201228780129_R03C01,31.0,31.841438,27.674149
201228780129_R04C01,46.0,49.810703,45.736736
201228780129_R05C01,59.0,55.440968,51.39624
201228780129_R06C01,24.0,28.907114,24.724586
201228780129_R07C01,29.0,34.423477,30.269596
201228780129_R08C01,33.0,37.139,32.99922
201228780131_R03C01,42.0,45.5845,41.488583
201228780131_R04C01,25.0,28.576853,24.392609
201228780131_R05C01,47.0,48.254665,44.172615
201228780131_R06C01,63.0,67.8827,63.902584
201228780131_R07C01,33.0,38.893764,34.7631
201228780131_R08C01,52.0,50.706528,46.63721
201228780132_R01C01,40.0,43.01711,38.90786
201228780132_R02C01,28.0,30.413603,26.2389
201228780132_R03C01,52.0,54.67141,50.622684
201228780132_R04C01,28.0,36.544605,32.40174
201228780132_R05C01,36.0,40.059338,35.934727
201228780132_R06C01,41.0,41.9575,37.842747
201228780132_R07C01,39.0,43.885815,39.781075
201228780133_R01C01,22.0,24.601913,20.397026
201228780133_R04C01,63.0,60.98476,56.968822
201228780133_R05C01,48.0,49.732185,45.65781
201228780133_R06C01,48.0,47.991688,43.90827
201228780133_R07C01,53.0,64.013336,60.013126
201228780133_R08C01,38.0,47.378597,43.292
201228780136_R02C01,39.0,45.03246,40.933674
201228780136_R07C01,20.0,35.189518,31.039616
201228780137_R01C01,39.0,42.419563,38.30721
201228780137_R02C01,49.0,48.9311,44.852562
201228780137_R03C01,55.0,52.070026,48.00779
201228780137_R04C01,28.0,22.19958,17.982216
201228780137_R05C01,22.0,28.894884,24.712292
201228780137_R06C01,23.0,33.681286,29.523552
201228780137_R07C01,51.0,54.822105,50.774162
201228780137_R08C01,50.0,58.22005,54.189754
201228780138_R01C01,57.0,63.70296,59.701138
201228780138_R02C01,58.0,53.14854,49.091908
201228780138_R03C01,34.0,40.769974,36.64905
201228780138_R04C01,52.0,51.89266,47.829502
201228780138_R05C01,46.0,47.953697,43.870083
201228780138_R06C01,42.0,45.447945,41.35132
201228780138_R07C01,60.0,59.5972,55.574055
201228780138_R08C01,46.0,46.7624,42.672604
201228780139_R02C01,35.0,40.398876,36.276028
201228780140_R02C01,42.0,47.538692,43.452923
201228780140_R03C01,29.0,28.862684,24.679926
201228780140_R04C01,45.0,50.93839,46.870277
201228780140_R07C01,31.0,41.853004,37.73771
201228780145_R01C01,26.0,36.145557,32.00062
201228780145_R02C01,60.0,62.28448,58.27529
201228780145_R03C01,34.0,40.673557,36.552135
201228780145_R04C01,47.0,53.788242,49.734932
201228780145_R05C01,57.0,70.42011,66.45318
201228780145_R06C01,49.0,53.912647,49.85998
201228780145_R08C01,33.0,36.91737,32.776443
201228780147_R01C01,32.0,42.229885,38.116547
201228780147_R02C01,32.0,40.04932,35.924656
201228780147_R03C01,46.0,47.84127,43.757072
201228780147_R04C01,26.0,33.682205,29.524475
201228780147_R05C01,44.0,44.05707,39.953224
201228780147_R06C01,25.0,31.618109,27.44966
201228780147_R07C01,22.0,32.57013,28.406624
201228780147_R08C01,26.0,35.063118,30.91256
201228790010_R01C01,27.0,37.33279,33.19402
201228790010_R02C01,60.0,59.11877,55.093143
201228790010_R03C01,51.0,49.78303,45.70892
201228790010_R05C01,43.0,49.883327,45.809734
201228790010_R06C01,38.0,41.84003,37.724667
201228790010_R07C01,46.0,48.576584,44.496204
201228790010_R08C01,55.0,53.265095,49.209064
201228790040_R01C01,45.0,58.38621,54.356777
201228790040_R02C01,35.0,39.90459,35.779175
201228790040_R03C01,49.0,46.31924,42.22714
201228790040_R04C01,51.0,48.986317,44.908066
201228790040_R07C01,44.0,47.556705,43.47103
201228790041_R01C01,46.0,42.507668,38.39577
201228790041_R02C01,33.0,40.013615,35.888767
201228790041_R03C01,52.0,53.797558,49.744293
201228790041_R04C01,24.0,28.195337,24.009113
201228790041_R05C01,20.0,25.889523,21.691322
201228790041_R06C01,62.0,62.88125,58.87516
