node_id,cpg_id,site_type,chromosome,position,regulatory_level,degree,avg_edge_weight,clustering_coefficient,eigenvector_centrality,is_in_largest_component,graph_total_nodes,graph_total_edges,graph_density,graph_avg_degree,graph_avg_clustering,graph_largest_comp_ratio
0,cg22376706,A,chr12,71314612,0.5,7,0.49190907859738997,0.39870933420312304,2.394659516259157e-22,False,198,673,0.03450751166487207,6.797979797979798,0.25013379007036396,0.8686868686868687
1,cg18973515,A,chr15,65713476,0.7999999999999999,7,0.3464216859903398,0.21097133400486986,4.704862007700412e-09,True,198,673,0.03450751166487207,6.797979797979798,0.25013379007036396,0.8686868686868687
2,cg26019680,A,chr3,127347876,1.0,6,0.6008331829797665,0.47006745264978966,1.00638241831563e-10,True,198,673,0.03450751166487207,6.797979797979798,0.25013379007036396,0.8686868686868687
3,cg27059819,A,chr3,127347685,1.0,7,0.524933096216287,0.3175735553746933,1.5467859360738534e-10,True,198,673,0.03450751166487207,6.797979797979798,0.25013379007036396,0.8686868686868687
4,cg09538452,A,chr19,18496756,0.7999999999999999,5,0.4849913705160631,0.46938878055741784,6.833783513495934e-09,True,198,673,0.03450751166487207,6.797979797979798,0.25013379007036396,0.8686868686868687
5,cg19953406,A,chr19,51487360,0.5,5,0.6256648779173115,0.6677417808528904,0.0003831129210987965,False,198,673,0.03450751166487207,6.797979797979798,0.25013379007036396,0.8686868686868687
6,cg16742703,A,chr19,51357857,0.5,5,0.3466773792759994,0.29589413733828784,0.00011105176067995917,False,198,673,0.03450751166487207,6.797979797979798,0.25013379007036396,0.8686868686868687
7,cg19471655,A,chr19,51487109,0.5,7,0.5160314365297595,0.43439179509932657,0.000400547732548946,False,198,673,0.03450751166487207,6.797979797979798,0.25013379007036396,0.8686868686868687
8,cg03383006,A,chr17,42992924,0.7999999999999999,5,0.5405745923334067,0.6076302517435981,1.0943195526213164e-08,True,198,673,0.03450751166487207,6.797979797979798,0.25013379007036396,0.8686868686868687
9,cg25666210,A,chr12,71148346,0.5,5,0.28076582879262035,0.34374913054906014,9.974162793794633e-23,False,198,673,0.03450751166487207,6.797979797979798,0.25013379007036396,0.8686868686868687
10,cg06258834,A,chr19,51487136,0.5,7,0.5367595922774323,0.4446304469804994,0.00041432082612937273,False,198,673,0.03450751166487207,6.797979797979798,0.25013379007036396,0.8686868686868687
11,cg26153045,A,chr7,73441834,0.5,6,0.35059099892236795,0.3147528866006015,2.0460470931468982e-10,True,198,673,0.03450751166487207,6.797979797979798,0.25013379007036396,0.8686868686868687
12,cg00066153,A,chr11,125550744,0.5,5,0.07864562215808138,0.07321514433861476,7.422747499778279e-09,True,198,673,0.03450751166487207,6.797979797979798,0.25013379007036396,0.8686868686868687
13,cg06834434,A,chr14,75079333,1.0,5,0.5539287796839638,0.2821600805822694,3.476571222400275e-08,True,198,673,0.03450751166487207,6.797979797979798,0.25013379007036396,0.8686868686868687
14,cg12409361,A,chr15,65713859,0.7999999999999999,7,0.39924597189708466,0.23638675285080316,5.718070282033633e-09,True,198,673,0.03450751166487207,6.797979797979798,0.25013379007036396,0.8686868686868687
15,cg05688616,A,chr2,238322274,0.5,5,0.4862572132434903,0.49070330792534256,5.037095139871881e-32,False,198,673,0.03450751166487207,6.797979797979798,0.25013379007036396,0.8686868686868687
16,cg04869122,A,chr2,238322318,0.5,5,0.3760440346861183,0.43105725708338427,4.066147296958707e-32,False,198,673,0.03450751166487207,6.797979797979798,0.25013379007036396,0.8686868686868687
17,cg07318313,A,chr9,130616620,1.0,5,0.4793422700913032,0.3136952608375316,5.593104837795747e-06,True,198,673,0.03450751166487207,6.797979797979798,0.25013379007036396,0.8686868686868687
18,cg17472052,A,chr3,127347536,0.7999999999999999,5,0.5704450700115503,0.4273817581352814,1.5001675311744817e-10,True,198,673,0.03450751166487207,6.797979797979798,0.25013379007036396,0.8686868686868687
19,cg04176254,A,chr16,67517429,0.7999999999999999,7,0.4603334124987056,0.2846404144278403,1.3147234667019813e-07,True,198,673,0.03450751166487207,6.797979797979798,0.25013379007036396,0.8686868686868687
20,cg07773060,A,chr8,24813046,1.0,6,0.7037189979518921,0.5089340604524042,0.34021551082697404,True,198,673,0.03450751166487207,6.797979797979798,0.25013379007036396,0.8686868686868687
21,cg00776558,A,chr15,65715354,1.0,6,0.422831172189365,0.2152142081700537,5.136975401451082e-09,True,198,673,0.03450751166487207,6.797979797979798,0.25013379007036396,0.8686868686868687
22,cg02831955,A,chr19,42947497,0.5,5,0.3639304903451898,0.2468760060305189,9.131201523043727e-09,True,198,673,0.03450751166487207,6.797979797979798,0.25013379007036396,0.8686868686868687
23,cg15107641,A,chr3,45188186,0.7999999999999999,5,0.6432604261284951,0.6499269036673619,6.475883231985169e-05,True,198,673,0.03450751166487207,6.797979797979798,0.25013379007036396,0.8686868686868687
24,cg21678312,A,chr12,71314587,0.5,7,0.46009517897695235,0.3840864367108134,2.29001159786958e-22,False,198,673,0.03450751166487207,6.797979797979798,0.25013379007036396,0.8686868686868687
25,cg24000873,A,chr8,24813653,1.0,5,0.6464198729478758,0.4274305439242144,0.260070648212348,True,198,673,0.03450751166487207,6.797979797979798,0.25013379007036396,0.8686868686868687
26,cg00417165,A,chr14,75079321,1.0,8,0.499468379883952,0.26919018068657763,9.156361329490982e-08,True,198,673,0.03450751166487207,6.797979797979798,0.25013379007036396,0.8686868686868687
27,cg23129573,A,chr7,73442487,0.5,7,0.4882015154801947,0.37555797223589865,3.7974051228941846e-10,True,198,673,0.03450751166487207,6.797979797979798,0.25013379007036396,0.8686868686868687
28,cg18993701,A,chr15,65715356,1.0,5,0.5169820205236483,0.3701897297774941,2.575057469213876e-09,True,198,673,0.03450751166487207,6.797979797979798,0.25013379007036396,0.8686868686868687
29,cg15732230,A,chr19,51487280,0.5,8,0.5955684087846717,0.4751561014364791,0.000520296132194385,False,198,673,0.03450751166487207,6.797979797979798,0.25013379007036396,0.8686868686868687
30,cg13458609,A,chr9,130608923,0.5,5,0.23369850062153308,0.2252231202256092,9.413409867423896e-07,True,198,673,0.03450751166487207,6.797979797979798,0.25013379007036396,0.8686868686868687
31,cg17314888,A,chr7,73442282,0.5,7,0.4340409067886218,0.29481178804701863,1.234624516651603e-09,True,198,673,0.03450751166487207,6.797979797979798,0.25013379007036396,0.8686868686868687
32,cg09179347,A,chr16,67517453,0.7999999999999999,11,0.310390107748152,0.12514449208691997,1.294753117723927e-07,True,198,673,0.03450751166487207,6.797979797979798,0.25013379007036396,0.8686868686868687
33,cg08830672,A,chr16,67516286,0.7999999999999999,6,0.5073875235666591,0.40748329892326346,1.3453635154591844e-07,True,198,673,0.03450751166487207,6.797979797979798,0.25013379007036396,0.8686868686868687
34,cg20718816,A,chr14,75078842,1.0,6,0.48169861450558155,0.35303647136822175,3.817566269434861e-08,True,198,673,0.03450751166487207,6.797979797979798,0.25013379007036396,0.8686868686868687
35,cg09783874,A,chr22,20791553,1.0,5,0.5461023181085853,0.6092546454219951,8.773426967442077e-05,True,198,673,0.03450751166487207,6.797979797979798,0.25013379007036396,0.8686868686868687
36,cg01023696,A,chr8,24813003,1.0,6,0.7407559579077003,0.5730180151150002,0.36473446487629524,True,198,673,0.03450751166487207,6.797979797979798,0.25013379007036396,0.8686868686868687
37,cg07871059,A,chr16,67516493,0.7999999999999999,5,0.5102489800752863,0.48350867417021115,1.1863701737766654e-07,True,198,673,0.03450751166487207,6.797979797979798,0.25013379007036396,0.8686868686868687
38,cg07816392,A,chr15,65715081,1.0,5,0.4772750585085106,0.3613643611355804,2.262866918844839e-09,True,198,673,0.03450751166487207,6.797979797979798,0.25013379007036396,0.8686868686868687
39,cg27497839,A,chr19,51487305,0.5,8,0.5961246418428883,0.47414420874537605,0.0005193745835534068,False,198,673,0.03450751166487207,6.797979797979798,0.25013379007036396,0.8686868686868687
40,cg16632868,A,chr11,30252614,0.5,5,0.38407897029963645,0.2393408046707423,7.450012115140771e-08,True,198,673,0.03450751166487207,6.797979797979798,0.25013379007036396,0.8686868686868687
41,cg18208742,A,chr17,42992872,0.7999999999999999,8,0.4520166801611665,0.3421926445910988,1.9431480732357902e-08,True,198,673,0.03450751166487207,6.797979797979798,0.25013379007036396,0.8686868686868687
42,cg14185922,A,chr9,130615188,0.7999999999999999,5,0.4202708288553453,0.2994322616461153,2.6608294712328653e-06,True,198,673,0.03450751166487207,6.797979797979798,0.25013379007036396,0.8686868686868687
43,cg07918341,A,chr17,42992709,0.7999999999999999,6,0.46436334394260176,0.4572897725361181,1.2858091255922508e-08,True,198,673,0.03450751166487207,6.797979797979798,0.25013379007036396,0.8686868686868687
44,cg01614020,A,chr8,24814137,1.0,6,0.7236979723787612,0.5305101437741517,0.36240146460421363,True,198,673,0.03450751166487207,6.797979797979798,0.25013379007036396,0.8686868686868687
45,cg17687962,A,chr19,51358244,0.5,5,0.3346741158996716,0.2968531568894163,0.00011605479534608935,False,198,673,0.03450751166487207,6.797979797979798,0.25013379007036396,0.8686868686868687
46,cg19840066,A,chr22,20792224,1.0,5,0.6275073563611232,0.5626996288475725,6.073507120592586e-05,True,198,673,0.03450751166487207,6.797979797979798,0.25013379007036396,0.8686868686868687
47,cg17514701,A,chr12,71314752,0.5,7,0.40152177205003853,0.3586680967845951,1.9713480955306397e-22,False,198,673,0.03450751166487207,6.797979797979798,0.25013379007036396,0.8686868686868687
48,cg21211585,A,chr19,18496984,0.7999999999999999,5,0.5440538745028609,0.4988246997491923,7.1221500699946965e-09,True,198,673,0.03450751166487207,6.797979797979798,0.25013379007036396,0.8686868686868687
49,cg23748737,A,chr22,20791733,1.0,8,0.40109608454029066,0.22709214841932696,0.00020661386121027903,True,198,673,0.03450751166487207,6.797979797979798,0.25013379007036396,0.8686868686868687
50,cg26273150,A,chr14,75079121,1.0,5,0.5025569876790847,0.38331996262592644,2.9282269718820442e-08,True,198,673,0.03450751166487207,6.797979797979798,0.25013379007036396,0.8686868686868687
51,cg03897712,A,chr7,73442370,0.5,5,0.5194716764228864,0.4632749441648801,3.114226943715143e-10,True,198,673,0.03450751166487207,6.797979797979798,0.25013379007036396,0.8686868686868687
52,cg07951417,A,chr7,73441538,0.5,5,0.31099028726343786,0.3176167519084314,1.4642683839839353e-10,True,198,673,0.03450751166487207,6.797979797979798,0.25013379007036396,0.8686868686868687
53,cg19895164,A,chr22,20791024,1.0,8,0.46711785701255154,0.2729883709951582,9.658235105671448e-05,True,198,673,0.03450751166487207,6.797979797979798,0.25013379007036396,0.8686868686868687
54,cg15159060,A,chr11,30251197,0.5,5,0.35988832348749605,0.23389492864873446,7.08832871878537e-08,True,198,673,0.03450751166487207,6.797979797979798,0.25013379007036396,0.8686868686868687
55,cg00197313,A,chr8,24813120,1.0,5,0.7294406718449087,0.6273842129596894,0.3104379497685306,True,198,673,0.03450751166487207,6.797979797979798,0.25013379007036396,0.8686868686868687
56,cg26241993,A,chr19,51487245,0.5,11,0.5088970642865079,0.3006724783200058,0.0005380777382467436,False,198,673,0.03450751166487207,6.797979797979798,0.25013379007036396,0.8686868686868687
57,cg22276896,A,chr19,42946985,0.5,5,0.36813455796506933,0.2462023339113563,8.846441858845788e-09,True,198,673,0.03450751166487207,6.797979797979798,0.25013379007036396,0.8686868686868687
58,cg00793088,A,chr12,71315008,0.5,5,0.31825941939956054,0.3667392247703278,1.1233127213088573e-22,False,198,673,0.03450751166487207,6.797979797979798,0.25013379007036396,0.8686868686868687
59,cg05781767,A,chr3,127347362,0.7999999999999999,6,0.47786778193618434,0.2908958917640654,2.6914350799870256e-10,True,198,673,0.03450751166487207,6.797979797979798,0.25013379007036396,0.8686868686868687
60,cg10004179,A,chr15,65714393,0.7999999999999999,5,0.38127459781501577,0.2924349510377331,1.4827683003818757e-09,True,198,673,0.03450751166487207,6.797979797979798,0.25013379007036396,0.8686868686868687
61,cg06217862,A,chr14,75079072,1.0,7,0.59623885356784,0.40490238812568935,6.240676857675985e-08,True,198,673,0.03450751166487207,6.797979797979798,0.25013379007036396,0.8686868686868687
62,cg16080876,A,chr8,24813866,1.0,7,0.531531678354312,0.25016253539005573,0.27897455281142747,True,198,673,0.03450751166487207,6.797979797979798,0.25013379007036396,0.8686868686868687
63,cg10189135,A,chr16,67516162,0.7999999999999999,7,0.4069465825522647,0.23665654022805405,1.5079814629760068e-07,True,198,673,0.03450751166487207,6.797979797979798,0.25013379007036396,0.8686868686868687
64,cg01769243,A,chr17,42992917,0.7999999999999999,7,0.5920758835501513,0.4945042027925113,1.716146882359203e-08,True,198,673,0.03450751166487207,6.797979797979798,0.25013379007036396,0.8686868686868687
65,cg08748948,A,chr22,20792476,1.0,8,0.5682441572341996,0.41798012809941193,0.00010744062985032262,True,198,673,0.03450751166487207,6.797979797979798,0.25013379007036396,0.8686868686868687
66,cg26663716,A,chr16,67517246,0.7999999999999999,10,0.3412872722272568,0.15524124122187263,1.3042074592209119e-07,True,198,673,0.03450751166487207,6.797979797979798,0.25013379007036396,0.8686868686868687
67,cg12943155,A,chr3,127347978,1.0,5,0.63038578391919,0.5941823620185812,8.627723879320335e-11,True,198,673,0.03450751166487207,6.797979797979798,0.25013379007036396,0.8686868686868687
68,cg08658371,A,chr3,127347343,0.7999999999999999,7,0.41093496163904286,0.2011784075094632,3.3450345984306506e-10,True,198,673,0.03450751166487207,6.797979797979798,0.25013379007036396,0.8686868686868687
69,cg04608146,A,chr22,20792323,1.0,7,0.6334551318449784,0.4747634752312975,0.0001105495009453072,True,198,673,0.03450751166487207,6.797979797979798,0.25013379007036396,0.8686868686868687
70,cg21601845,A,chr17,42992976,0.7999999999999999,7,0.5543244581882345,0.4772944121894358,1.6322775230027518e-08,True,198,673,0.03450751166487207,6.797979797979798,0.25013379007036396,0.8686868686868687
71,cg22044892,A,chr19,51486901,0.5,8,0.3703336007802537,0.2795139155507402,0.0002657789146964665,False,198,673,0.03450751166487207,6.797979797979798,0.25013379007036396,0.8686868686868687
72,cg03802461,A,chr14,75078611,1.0,8,0.4539131644228859,0.2863345405452869,8.292431319333424e-08,True,198,673,0.03450751166487207,6.797979797979798,0.25013379007036396,0.8686868686868687
73,cg00817377,A,chr7,73441057,0.5,5,0.3622813302755074,0.3165695128391933,1.2020851700450018e-10,True,198,673,0.03450751166487207,6.797979797979798,0.25013379007036396,0.8686868686868687
74,cg15937958,A,chr19,42947133,0.5,5,0.37390166122052204,0.1840401541323861,1.3850709160951e-08,True,198,673,0.03450751166487207,6.797979797979798,0.25013379007036396,0.8686868686868687
75,cg03928182,A,chr12,71314662,0.5,7,0.4593749603058415,0.38766856512198333,2.2466090140147663e-22,False,198,673,0.03450751166487207,6.797979797979798,0.25013379007036396,0.8686868686868687
76,cg16735682,A,chr7,73442353,0.5,5,0.5754935782080597,0.5257521022815326,3.7508137728742683e-10,True,198,673,0.03450751166487207,6.797979797979798,0.25013379007036396,0.8686868686868687
77,cg00573606,A,chr2,238322680,0.5,5,0.49159814694477666,0.4962044821477022,5.087959363491496e-32,False,198,673,0.03450751166487207,6.797979797979798,0.25013379007036396,0.8686868686868687
78,cg22978087,A,chr8,24814126,1.0,8,0.7096733411578645,0.48688452667986276,0.43361975137396996,True,198,673,0.03450751166487207,6.797979797979798,0.25013379007036396,0.8686868686868687
79,cg27420123,A,chr11,30251473,0.5,5,0.4094537286369649,0.2625429061699221,7.829966012128198e-08,True,198,673,0.03450751166487207,6.797979797979798,0.25013379007036396,0.8686868686868687
80,cg06707544,A,chr19,51487229,0.5,8,0.57337746023901,0.41509946250539503,0.0004968594524840053,False,198,673,0.03450751166487207,6.797979797979798,0.25013379007036396,0.8686868686868687
81,cg13704548,A,chr15,65714817,1.0,5,0.4358445077330747,0.27368893254758203,1.6283598212490384e-09,True,198,673,0.03450751166487207,6.797979797979798,0.25013379007036396,0.8686868686868687
82,cg08358624,A,chr17,42992658,0.7999999999999999,6,0.5609419510480599,0.5702737795058871,1.2725393675729061e-08,True,198,673,0.03450751166487207,6.797979797979798,0.25013379007036396,0.8686868686868687
83,cg13722619,A,chr3,45188139,0.7999999999999999,5,0.644194249608084,0.652334839829604,6.537777586764875e-05,True,198,673,0.03450751166487207,6.797979797979798,0.25013379007036396,0.8686868686868687
84,cg27390496,A,chr19,51357367,0.5,5,0.325597400393562,0.25451689180760695,0.00011330487769218943,False,198,673,0.03450751166487207,6.797979797979798,0.25013379007036396,0.8686868686868687
85,cg22727581,A,chr8,24812784,0.7999999999999999,5,0.6436564921722013,0.5036237894301573,0.26783193158531626,True,198,673,0.03450751166487207,6.797979797979798,0.25013379007036396,0.8686868686868687
86,cg16008327,A,chr19,18495567,0.7999999999999999,10,0.2620565847757915,0.10677283486803298,3.4353149634004275e-08,True,198,673,0.03450751166487207,6.797979797979798,0.25013379007036396,0.8686868686868687
87,cg02938303,A,chr3,45187333,1.0,5,0.5705018513992236,0.6068385473625181,6.0910013170500855e-05,True,198,673,0.03450751166487207,6.797979797979798,0.25013379007036396,0.8686868686868687
88,cg10451772,A,chr3,127347880,1.0,6,0.5938007993358069,0.46397284104844616,1.0484163840521816e-10,True,198,673,0.03450751166487207,6.797979797979798,0.25013379007036396,0.8686868686868687
89,cg27360098,A,chr7,73442480,0.5,7,0.4788602521816458,0.37205575407290137,3.671134336117333e-10,True,198,673,0.03450751166487207,6.797979797979798,0.25013379007036396,0.8686868686868687
90,cg14213160,A,chr19,18496259,0.7999999999999999,5,0.3061214672428477,0.3740436042340857,5.5071346161874e-09,True,198,673,0.03450751166487207,6.797979797979798,0.25013379007036396,0.8686868686868687
91,cg17685019,A,chr11,30251556,0.5,5,0.4018431136835424,0.2609785864542692,7.791674645718288e-08,True,198,673,0.03450751166487207,6.797979797979798,0.25013379007036396,0.8686868686868687
92,cg12921961,A,chr14,75078834,1.0,7,0.5076027639433318,0.28087076577107384,3.7336713381891425e-08,True,198,673,0.03450751166487207,6.797979797979798,0.25013379007036396,0.8686868686868687
93,cg06160898,A,chr3,45187312,1.0,5,0.5722245206609882,0.6082149263136948,6.0993054788661655e-05,True,198,673,0.03450751166487207,6.797979797979798,0.25013379007036396,0.8686868686868687
94,cg07558287,A,chr3,127347884,1.0,7,0.5896137283971804,0.35272929893368643,1.3540497731351217e-10,True,198,673,0.03450751166487207,6.797979797979798,0.25013379007036396,0.8686868686868687
95,cg17335494,A,chr14,75077385,1.0,5,0.4677519933831656,0.4462369538868602,4.0510606354404896e-08,True,198,673,0.03450751166487207,6.797979797979798,0.25013379007036396,0.8686868686868687
96,cg16929104,A,chr19,18496953,0.7999999999999999,5,0.49463908817060726,0.46715347963775056,5.922240986584672e-09,True,198,673,0.03450751166487207,6.797979797979798,0.25013379007036396,0.8686868686868687
97,cg08156531,A,chr17,42993050,0.7999999999999999,9,0.44473099236634756,0.278325045497744,1.7499083834036246e-08,True,198,673,0.03450751166487207,6.797979797979798,0.25013379007036396,0.8686868686868687
98,cg23694248,A,chr12,71314315,0.5,5,0.49773070908581074,0.53721211639887,1.9686893954619875e-22,False,198,673,0.03450751166487207,6.797979797979798,0.25013379007036396,0.8686868686868687
99,cg24975222,A,chr3,45187717,1.0,6,0.5463230987548343,0.4358258612239024,0.0001780189955349725,True,198,673,0.03450751166487207,6.797979797979798,0.25013379007036396,0.8686868686868687
100,cg03510159,A,chr14,75079312,1.0,7,0.5147601958885014,0.28359635149862067,8.75861316532573e-08,True,198,673,0.03450751166487207,6.797979797979798,0.25013379007036396,0.8686868686868687
101,cg01409709,A,chr2,238322334,0.5,5,0.46194752070009687,0.4789404798239933,4.8470075388555196e-32,False,198,673,0.03450751166487207,6.797979797979798,0.25013379007036396,0.8686868686868687
102,cg04464946,A,chr12,71314528,0.5,5,0.5008929713712827,0.5356688378884702,1.9914723643846255e-22,False,198,673,0.03450751166487207,6.797979797979798,0.25013379007036396,0.8686868686868687
103,cg01986605,A,chr3,127348155,1.0,6,0.4912218022782484,0.42118153012164306,9.021869030719834e-11,True,198,673,0.03450751166487207,6.797979797979798,0.25013379007036396,0.8686868686868687
104,cg01937819,A,chr9,130616110,0.7999999999999999,5,0.3594676921703308,0.2759586760315793,1.5761027877356243e-06,True,198,673,0.03450751166487207,6.797979797979798,0.25013379007036396,0.8686868686868687
105,cg21783004,A,chr5,135290288,0.5,5,0.06704506105234168,0.01615649068859712,4.991526308689508e-09,True,198,673,0.03450751166487207,6.797979797979798,0.25013379007036396,0.8686868686868687
106,cg05382012,A,chr16,67517841,0.7999999999999999,11,0.33574656878255915,0.15563529428274203,4.1450506743397095e-07,True,198,673,0.03450751166487207,6.797979797979798,0.25013379007036396,0.8686868686868687
107,cg03207391,A,chr19,18497201,1.0,5,0.35592961474222246,0.40361896310363754,6.2417697723016785e-09,True,198,673,0.03450751166487207,6.797979797979798,0.25013379007036396,0.8686868686868687
108,cg25591469,A,chr2,238322789,0.5,5,0.4674576743417962,0.480027454696466,4.879060611580889e-32,False,198,673,0.03450751166487207,6.797979797979798,0.25013379007036396,0.8686868686868687
109,cg19012170,A,chr15,65715664,0.7999999999999999,5,0.422707287821287,0.3108944785282733,1.7286581500358741e-09,True,198,673,0.03450751166487207,6.797979797979798,0.25013379007036396,0.8686868686868687
110,cg26278699,A,chr2,238322972,0.5,5,0.4030570483285322,0.4440010484707565,4.3263650416371016e-32,False,198,673,0.03450751166487207,6.797979797979798,0.25013379007036396,0.8686868686868687
111,cg14799008,A,chr19,42947305,0.5,5,0.3971412336085272,0.23901319033047916,9.349665938747491e-09,True,198,673,0.03450751166487207,6.797979797979798,0.25013379007036396,0.8686868686868687
112,cg25714069,A,chr22,20791214,1.0,5,0.4428501115163496,0.4108622511678327,4.266191255653947e-05,True,198,673,0.03450751166487207,6.797979797979798,0.25013379007036396,0.8686868686868687
113,cg03143742,A,chr22,20792143,1.0,5,0.49905267362427475,0.5069187632757304,4.997922986539587e-05,True,198,673,0.03450751166487207,6.797979797979798,0.25013379007036396,0.8686868686868687
114,cg15926671,A,chr14,75078283,1.0,5,0.38699659840653716,0.2692127446244229,2.483389467845399e-08,True,198,673,0.03450751166487207,6.797979797979798,0.25013379007036396,0.8686868686868687
115,cg06285333,A,chr16,67516546,0.7999999999999999,7,0.5143370247423589,0.4171275772629924,1.4565527693457707e-07,True,198,673,0.03450751166487207,6.797979797979798,0.25013379007036396,0.8686868686868687
116,cg14785479,A,chr22,20792535,1.0,9,0.5230911516924814,0.3280652518906985,0.00011048594789516602,True,198,673,0.03450751166487207,6.797979797979798,0.25013379007036396,0.8686868686868687
117,cg26172504,A,chr19,51487478,0.5,5,0.5649553510531747,0.634060015724509,0.0003484957383969053,False,198,673,0.03450751166487207,6.797979797979798,0.25013379007036396,0.8686868686868687
118,cg15779716,A,chr3,45188208,0.7999999999999999,9,0.33473010246889034,0.16498738936495505,5.557614636283905e-05,True,198,673,0.03450751166487207,6.797979797979798,0.25013379007036396,0.8686868686868687
119,cg24910675,A,chr9,130616917,0.7999999999999999,5,0.43325307527176893,0.30215702231561803,3.7474857958364547e-06,True,198,673,0.03450751166487207,6.797979797979798,0.25013379007036396,0.8686868686868687
120,cg24032666,A,chr8,24814035,1.0,6,0.7319830564606106,0.5102409247861275,0.3438285887089896,True,198,673,0.03450751166487207,6.797979797979798,0.25013379007036396,0.8686868686868687
121,cg21616047,A,chr2,224467359,0.5,5,0.06658445911467643,0.04634375181335183,5.689101586175721e-08,True,198,673,0.03450751166487207,6.797979797979798,0.25013379007036396,0.8686868686868687
122,cg04193901,A,chr20,43343736,0.5,5,0.18515314820239184,0.0336567163710514,1.1178858288945226e-05,True,198,673,0.03450751166487207,6.797979797979798,0.25013379007036396,0.8686868686868687
123,cg16717122,A,chr15,51973920,0.7999999999999999,5,0.22230185718593126,0.07770627756317039,0.0011244538505805971,True,198,673,0.03450751166487207,6.797979797979798,0.25013379007036396,0.8686868686868687
124,cg12402251,A,chr8,91094811,0.5,5,0.18791776111377395,0.044028202437683114,1.005709557585946e-05,True,198,673,0.03450751166487207,6.797979797979798,0.25013379007036396,0.8686868686868687
125,cg22909609,A,chr13,102105440,0.7999999999999999,5,0.08035503001077562,0.05242835305468656,1.0318175286737633e-07,True,198,673,0.03450751166487207,6.797979797979798,0.25013379007036396,0.8686868686868687
126,cg23669043,A,chr11,66336244,0.7999999999999999,5,0.2697675666056344,0.09609817367688862,1.0170691099615559e-06,True,198,673,0.03450751166487207,6.797979797979798,0.25013379007036396,0.8686868686868687
127,cg04601137,A,chr19,1512314,0.7999999999999999,5,0.08133668260011928,0.0,9.728675274725058e-07,True,198,673,0.03450751166487207,6.797979797979798,0.25013379007036396,0.8686868686868687
128,cg18341969,A,chr19,571802,0.7999999999999999,5,0.08317359418409888,0.051508467978428216,1.8572466830637714e-06,True,198,673,0.03450751166487207,6.797979797979798,0.25013379007036396,0.8686868686868687
129,cg14900246,A,chr2,112655153,0.7999999999999999,5,0.07033104608827287,0.024103338296956867,3.043080610028391e-08,True,198,673,0.03450751166487207,6.797979797979798,0.25013379007036396,0.8686868686868687
130,cg02481642,A,chr20,43343760,0.5,5,0.20057073255716676,0.026364038807699414,1.596330321236014e-05,True,198,673,0.03450751166487207,6.797979797979798,0.25013379007036396,0.8686868686868687
131,cg06739520,A,chr20,5891968,1.0,5,0.08327282362343598,0.046205661495242696,1.2045509311307728e-05,True,198,673,0.03450751166487207,6.797979797979798,0.25013379007036396,0.8686868686868687
132,cg06419846,A,chr11,66083697,1.0,6,0.1607964626189495,0.05529405984524803,3.05507063285543e-07,True,198,673,0.03450751166487207,6.797979797979798,0.25013379007036396,0.8686868686868687
133,cg24987259,A,chr11,66336293,0.7999999999999999,5,0.26733452442379885,0.10401221115799723,2.163189025440504e-07,True,198,673,0.03450751166487207,6.797979797979798,0.25013379007036396,0.8686868686868687
134,cg08343644,A,chr16,57662060,0.5,5,0.06809856416929798,0.04084685133091147,4.135370230322083e-06,True,198,673,0.03450751166487207,6.797979797979798,0.25013379007036396,0.8686868686868687
135,cg08661007,A,chr3,79817232,0.7999999999999999,5,0.08603311924857035,0.05685242379555895,0.005713555626782419,True,198,673,0.03450751166487207,6.797979797979798,0.25013379007036396,0.8686868686868687
136,cg26290632,A,chr8,91094847,0.5,5,0.1902543095417443,0.06391069824790577,4.030980278183066e-06,True,198,673,0.03450751166487207,6.797979797979798,0.25013379007036396,0.8686868686868687
137,cg01908954,A,chr15,51973764,1.0,5,0.2227079396797195,0.019490817354116986,0.00615903806380789,True,198,673,0.03450751166487207,6.797979797979798,0.25013379007036396,0.8686868686868687
138,cg16867657,A,chr6,11044877,1.0,33,0.1346541426710924,0.017361895574570213,5.570269143835085e-05,True,198,673,0.03450751166487207,6.797979797979798,0.25013379007036396,0.8686868686868687
139,cg10501210,A,chr1,207997020,0.4,5,0.17974724518053298,0.0785803357114738,1.7275119833512632e-06,True,198,673,0.03450751166487207,6.797979797979798,0.25013379007036396,0.8686868686868687
140,cg06639320,A,chr2,106015739,1.0,17,0.13442483937186372,0.026057840801254933,1.819719114299644e-05,True,198,673,0.03450751166487207,6.797979797979798,0.25013379007036396,0.8686868686868687
141,cg24724428,A,chr6,11044888,1.0,19,0.1739727684573366,0.038475956730662925,6.0118012042901814e-05,True,198,673,0.03450751166487207,6.797979797979798,0.25013379007036396,0.8686868686868687
142,cg04875128,A,chr15,31775895,1.0,8,0.08757975767881863,0.06547122913481225,3.318128998290271e-06,True,198,673,0.03450751166487207,6.797979797979798,0.25013379007036396,0.8686868686868687
143,cg21572722,A,chr6,11044894,1.0,16,0.1908823027184278,0.04003520192421193,0.00018256649450157863,True,198,673,0.03450751166487207,6.797979797979798,0.25013379007036396,0.8686868686868687
144,cg24079702,A,chr2,106015771,1.0,9,0.17907238326150793,0.06794941588022305,6.910521286103852e-06,True,198,673,0.03450751166487207,6.797979797979798,0.25013379007036396,0.8686868686868687
145,cg08097417,A,chr7,130419133,1.0,9,0.19867828406141777,0.043898461029524605,9.796751677115035e-06,True,198,673,0.03450751166487207,6.797979797979798,0.25013379007036396,0.8686868686868687
146,cg07553761,A,chr3,160167977,1.0,6,0.08929907473300651,0.08424982220930642,2.873391390464767e-06,True,198,673,0.03450751166487207,6.797979797979798,0.25013379007036396,0.8686868686868687
147,cg20273670,A,chr17,21356245,1.0,5,0.08603420606980834,0.09705996490383798,2.9662407871883377e-06,True,198,673,0.03450751166487207,6.797979797979798,0.25013379007036396,0.8686868686868687
148,cg07082267,A,chr16,85429035,0.4,5,0.08099337410236002,0.07612774224787441,1.3628691115565592e-08,True,198,673,0.03450751166487207,6.797979797979798,0.25013379007036396,0.8686868686868687
149,cg23500537,A,chr5,140419819,0.4,5,0.07933522147796197,0.08067179482703495,1.5262755733593205e-05,True,198,673,0.03450751166487207,6.797979797979798,0.25013379007036396,0.8686868686868687
150,cg02046143,A,chr11,133797911,0.7999999999999999,5,0.07585142204259486,0.03317228259746574,1.1697043625399513e-06,True,198,673,0.03450751166487207,6.797979797979798,0.25013379007036396,0.8686868686868687
151,cg11693709,A,chr15,40542019,0.7999999999999999,20,0.07829121356871144,0.020470060790521234,4.799738015980516e-07,True,198,673,0.03450751166487207,6.797979797979798,0.25013379007036396,0.8686868686868687
152,cg00573770,A,chr2,145278485,0.7999999999999999,7,0.18177741080830903,0.03750443222717439,1.422801145978938e-06,True,198,673,0.03450751166487207,6.797979797979798,0.25013379007036396,0.8686868686868687
153,cg04208403,A,chr16,49525807,0.7999999999999999,9,0.09851286345354168,0.010875299668785683,6.36621658463259e-07,True,198,673,0.03450751166487207,6.797979797979798,0.25013379007036396,0.8686868686868687
154,cg08128734,A,chr1,206685423,0.7999999999999999,15,0.10933016833397846,0.027417858241599233,1.609760280115292e-06,True,198,673,0.03450751166487207,6.797979797979798,0.25013379007036396,0.8686868686868687
155,cg03607117,A,chr3,53080440,1.0,8,0.1137066365451585,0.029319064055653606,8.383982253562793e-06,True,198,673,0.03450751166487207,6.797979797979798,0.25013379007036396,0.8686868686868687
156,cg08453194,A,chr6,41904398,0.5,5,0.07065263149881298,0.03918159910477761,4.823614831433378e-07,True,198,673,0.03450751166487207,6.797979797979798,0.25013379007036396,0.8686868686868687
157,cg14583999,A,chr3,10019040,0.5,5,0.07965399653547031,0.08711146854042606,2.1093484525845367e-08,True,198,673,0.03450751166487207,6.797979797979798,0.25013379007036396,0.8686868686868687
158,cg06784991,A,chr1,53308768,1.0,5,0.22165153388868702,0.11550884180891038,3.3258440718893836e-06,True,198,673,0.03450751166487207,6.797979797979798,0.25013379007036396,0.8686868686868687
159,cg17110586,A,chr19,36454623,0.7,5,0.08904976203911777,0.08713791664247003,1.7216422415402142e-05,True,198,673,0.03450751166487207,6.797979797979798,0.25013379007036396,0.8686868686868687
160,cg07547549,A,chr20,44658225,1.0,15,0.09850460501706602,0.02817904468198184,0.00028872318511874385,True,198,673,0.03450751166487207,6.797979797979798,0.25013379007036396,0.8686868686868687
161,cg00602811,A,chr2,145278564,0.7999999999999999,10,0.1532375448742,0.04718808949736755,3.148843447864876e-07,True,198,673,0.03450751166487207,6.797979797979798,0.25013379007036396,0.8686868686868687
162,cg22156456,A,chr17,39844239,0.7999999999999999,13,0.09528845973442406,0.03860908685615215,8.606794565371724e-08,True,198,673,0.03450751166487207,6.797979797979798,0.25013379007036396,0.8686868686868687
163,cg11649376,A,chr12,81473234,0.7999999999999999,12,0.07939352238018763,0.02094512216552692,1.2991099227710903e-06,True,198,673,0.03450751166487207,6.797979797979798,0.25013379007036396,0.8686868686868687
164,cg18473521,A,chr12,54448265,0.7999999999999999,5,0.1001354462273514,0.04598714232828734,9.796894879145702e-06,True,198,673,0.03450751166487207,6.797979797979798,0.25013379007036396,0.8686868686868687
165,cg11970349,A,chr4,8582287,1.0,12,0.08816314783920791,0.04319109168937741,0.0001577117654257875,True,198,673,0.03450751166487207,6.797979797979798,0.25013379007036396,0.8686868686868687
166,cg07080372,A,chr11,796607,0.7999999999999999,6,0.07710366947458543,0.02178602843171282,1.022957914101418e-06,True,198,673,0.03450751166487207,6.797979797979798,0.25013379007036396,0.8686868686868687
167,cg12934382,A,chr3,51741135,1.0,5,0.13462604472002976,0.03909624102423296,6.424405467210316e-06,True,198,673,0.03450751166487207,6.797979797979798,0.25013379007036396,0.8686868686868687
168,cg04193015,A,chr17,35596680,0.5,5,0.08419140702885639,0.05215366563550926,4.691195979890309e-08,True,198,673,0.03450751166487207,6.797979797979798,0.25013379007036396,0.8686868686868687
169,cg12079303,A,chr1,61547163,0.7999999999999999,13,0.07819417667859188,0.03412137692210561,3.106672841050196e-08,True,198,673,0.03450751166487207,6.797979797979798,0.25013379007036396,0.8686868686868687
170,cg17471102,A,chr19,5851255,0.5,5,0.08002077357095222,0.05061867641927322,3.692663018359579e-08,True,198,673,0.03450751166487207,6.797979797979798,0.25013379007036396,0.8686868686868687
171,cg16290275,A,chr1,208042910,0.7,6,0.16265520904556452,0.05700066598360017,1.387200666162301e-06,True,198,673,0.03450751166487207,6.797979797979798,0.25013379007036396,0.8686868686868687
172,cg00292135,A,chr7,156433068,1.0,5,0.0881452056482675,0.09853568859155533,3.0378236548641104e-06,True,198,673,0.03450751166487207,6.797979797979798,0.25013379007036396,0.8686868686868687
173,cg11807280,A,chr2,66654644,0.7,5,0.08160464801806269,0.05321810361069364,1.1930764665534306e-06,True,198,673,0.03450751166487207,6.797979797979798,0.25013379007036396,0.8686868686868687
174,cg23078123,A,chr1,68577796,0.5,5,0.07816915895332446,0.04304098655063217,1.069621970920521e-06,True,198,673,0.03450751166487207,6.797979797979798,0.25013379007036396,0.8686868686868687
175,cg19761273,A,chr17,80232096,0.7999999999999999,8,0.07603669392519187,0.029832657495586837,8.245608748438435e-08,True,198,673,0.03450751166487207,6.797979797979798,0.25013379007036396,0.8686868686868687
176,cg22947000,A,chr16,81272281,0.5,5,0.08183383959076426,0.07742732706777805,1.4574786991294147e-08,True,198,673,0.03450751166487207,6.797979797979798,0.25013379007036396,0.8686868686868687
177,cg17621438,A,chr5,63461216,0.7999999999999999,5,0.08293790424496103,0.08948962889307477,2.1944290012161326e-08,True,198,673,0.03450751166487207,6.797979797979798,0.25013379007036396,0.8686868686868687
178,cg22016779,A,chr2,230452311,0.5,5,0.07369362239406205,0.04844007472633212,1.01115570437487e-06,True,198,673,0.03450751166487207,6.797979797979798,0.25013379007036396,0.8686868686868687
179,cg20816447,A,chr4,15480781,0.5,5,0.07547786643922615,0.061402793923200895,2.2835037021083037e-06,True,198,673,0.03450751166487207,6.797979797979798,0.25013379007036396,0.8686868686868687
180,cg11705975,A,chr10,120354248,1.0,5,0.08832604234398497,0.08714735469063153,8.747374097705817e-06,True,198,673,0.03450751166487207,6.797979797979798,0.25013379007036396,0.8686868686868687
181,cg07955995,A,chr7,130419159,1.0,5,0.282330199159995,0.0966283318088184,4.571340780738131e-06,True,198,673,0.03450751166487207,6.797979797979798,0.25013379007036396,0.8686868686868687
182,cg26685941,A,chr13,95952902,0.7999999999999999,7,0.07806902903381807,0.03742411260565185,1.1596891216133456e-06,True,198,673,0.03450751166487207,6.797979797979798,0.25013379007036396,0.8686868686868687
183,cg16015712,A,chr1,53308597,1.0,8,0.1642442212568993,0.052310855832358054,3.467723128420935e-06,True,198,673,0.03450751166487207,6.797979797979798,0.25013379007036396,0.8686868686868687
184,cg09692396,A,chr12,7023346,1.0,6,0.08109116771288777,0.016485979806373213,4.960612133340758e-06,True,198,673,0.03450751166487207,6.797979797979798,0.25013379007036396,0.8686868686868687
185,cg17436656,A,chr12,53627106,0.7999999999999999,10,0.08741612711307045,0.020636610669525466,1.6046768648627463e-06,True,198,673,0.03450751166487207,6.797979797979798,0.25013379007036396,0.8686868686868687
186,cg23186333,A,chr11,35161900,0.7999999999999999,7,0.07923299781521688,0.060807394152065826,2.2331427304403217e-06,True,198,673,0.03450751166487207,6.797979797979798,0.25013379007036396,0.8686868686868687
187,cg15341124,A,chr14,102027734,1.0,7,0.08721019671961171,0.0632404125629143,8.998860707302579e-06,True,198,673,0.03450751166487207,6.797979797979798,0.25013379007036396,0.8686868686868687
188,cg09559780,A,chr16,50727221,0.4,5,0.11518035021445491,0.02381158736024457,6.114640339910532e-08,True,198,673,0.03450751166487207,6.797979797979798,0.25013379007036396,0.8686868686868687
189,cg03473532,A,chr7,131008743,0.7999999999999999,10,0.12196956672261647,0.036446272468968845,2.287922203005519e-06,True,198,673,0.03450751166487207,6.797979797979798,0.25013379007036396,0.8686868686868687
190,cg23715749,A,chr1,37413867,0.5,5,0.07626417412843538,0.05852739951208452,1.1046162280019816e-06,True,198,673,0.03450751166487207,6.797979797979798,0.25013379007036396,0.8686868686868687
191,cg00748589,A,chr12,11653486,1.0,13,0.08835381185829985,0.02302233435316073,0.00016099939683297191,True,198,673,0.03450751166487207,6.797979797979798,0.25013379007036396,0.8686868686868687
192,cg14042143,A,chr7,2646782,0.7999999999999999,15,0.08036393943735727,0.029090049180799042,1.2612944605662562e-07,True,198,673,0.03450751166487207,6.797979797979798,0.25013379007036396,0.8686868686868687
193,cg00387658,A,chr20,54986793,0.5,5,0.07394123972713389,0.03299869107128588,6.011407667285109e-08,True,198,673,0.03450751166487207,6.797979797979798,0.25013379007036396,0.8686868686868687
194,cg01234420,A,chr22,46453808,0.7999999999999999,21,0.07839905310798938,0.02003332226792229,1.558098682518179e-07,True,198,673,0.03450751166487207,6.797979797979798,0.25013379007036396,0.8686868686868687
195,cg22452230,A,chr15,69754698,0.4,6,0.0791912015934904,0.024031010095194684,1.9147342237405073e-07,True,198,673,0.03450751166487207,6.797979797979798,0.25013379007036396,0.8686868686868687
196,cg23606718,A,chr2,131513927,1.0,6,0.0876151560130989,0.06340946659308441,6.340828802895343e-06,True,198,673,0.03450751166487207,6.797979797979798,0.25013379007036396,0.8686868686868687
197,cg07931844,A,chr15,72102213,0.7999999999999999,7,0.08234674179518331,0.023598293563427446,1.199698935600304e-07,True,198,673,0.03450751166487207,6.797979797979798,0.25013379007036396,0.8686868686868687
